pos,team,pld,w,d,l,gf,ga,gd,pts,promotion_qualification_or_relegation,season
1,Stoke City,46,27,12,7,73,34,39,93,Promotion to the First Division,1992-1993
2,Bolton Wanderers,46,27,9,10,80,41,39,90,Promotion to the First Division,1992-1993
3,Port Vale,46,26,11,9,79,44,35,89,Qualification for the Second Division play-offs,1992-1993
4,West Bromwich Albion,46,25,10,11,88,54,34,85,Qualification for the Second Division play-offs,1992-1993
5,Swansea City,46,20,13,13,65,47,18,73,Qualification for the Second Division play-offs,1992-1993
6,Stockport County,46,19,15,12,81,57,24,72,Qualification for the Second Division play-offs,1992-1993
7,Leyton Orient,46,21,9,16,69,53,16,72,,1992-1993
8,Reading,46,18,15,13,66,51,15,69,,1992-1993
9,Brighton & Hove Albion,46,20,9,17,63,59,4,69,,1992-1993
10,Bradford City,46,18,14,14,69,67,2,68,,1992-1993
11,Rotherham United,46,17,14,15,60,60,0,65,,1992-1993
12,Fulham,46,16,17,13,57,55,2,65,,1992-1993
13,Burnley,46,15,16,15,57,59,-2,61,,1992-1993
14,Plymouth Argyle,46,16,12,18,59,64,-5,60,,1992-1993
15,Huddersfield Town,46,17,9,20,54,61,-7,60,,1992-1993
16,Hartlepool United,46,14,12,20,42,60,-18,54,,1992-1993
17,Bournemouth,46,12,17,17,45,52,-7,53,,1992-1993
18,Blackpool,46,12,15,19,63,75,-12,51,,1992-1993
19,Exeter City,46,11,17,18,54,69,-15,50,,1992-1993
20,Hull City,46,13,11,22,46,69,-23,50,,1992-1993
21,Preston North End,46,13,8,25,65,94,-29,47,Relegation to the Third Division,1992-1993
22,Mansfield Town,46,11,11,24,52,80,-28,44,Relegation to the Third Division,1992-1993
23,Wigan Athletic,46,10,11,25,43,72,-29,41,Relegation to the Third Division,1992-1993
24,Chester City,46,8,5,33,49,102,-53,29,Relegation to the Third Division,1992-1993
1,Reading,46,26,11,9,81,44,37,89,Promotion to the First Division,1993-1994
2,Port Vale,46,26,10,10,79,46,33,88,Promotion to the First Division,1993-1994
3,Plymouth Argyle,46,25,10,11,88,56,32,85,Qualification for the Second Division play-offs,1993-1994
4,Stockport County,46,24,13,9,74,44,30,85,Qualification for the Second Division play-offs,1993-1994
5,York City,46,21,12,13,64,40,24,75,Qualification for the Second Division play-offs,1993-1994
6,Burnley,46,21,10,15,79,58,21,73,Qualification for the Second Division play-offs,1993-1994
7,Bradford City,46,19,13,14,61,53,8,70,,1993-1994
8,Bristol Rovers,46,20,10,16,60,59,1,70,,1993-1994
9,Hull City,46,18,14,14,62,54,8,68,,1993-1994
10,Cambridge United,46,19,9,18,79,73,6,66,,1993-1994
11,Huddersfield Town,46,17,14,15,58,61,-3,65,,1993-1994
12,Wrexham,46,17,11,18,66,77,-11,62,,1993-1994
13,Swansea City,46,16,12,18,56,58,-2,60,,1993-1994
14,Brighton & Hove Albion,46,15,14,17,60,67,-7,59,,1993-1994
15,Rotherham United,46,15,13,18,63,60,3,58,,1993-1994
16,Brentford,46,13,19,14,57,55,2,58,,1993-1994
17,Bournemouth,46,14,15,17,51,59,-8,57,,1993-1994
18,Leyton Orient,46,14,14,18,57,71,-14,56,,1993-1994
19,Cardiff City,46,13,15,18,66,79,-13,54,,1993-1994
20,Blackpool,46,16,5,25,63,75,-12,53,,1993-1994
21,Fulham,46,14,10,22,50,63,-13,52,Relegation to the Third Division,1993-1994
22,Exeter City,46,11,12,23,52,83,-31,45,Relegation to the Third Division,1993-1994
23,Hartlepool United,46,9,9,28,41,87,-46,36,Relegation to the Third Division,1993-1994
24,Barnet,46,5,13,28,41,86,-45,28,Relegation to the Third Division,1993-1994
1,Birmingham City,46,25,14,7,84,37,47,89,Promotion to the First Division,1994-1995
2,Brentford,46,25,10,11,81,39,42,85,Qualification for the Second Division play-offs,1994-1995
3,Crewe Alexandra,46,25,8,13,80,68,12,83,Qualification for the Second Division play-offs,1994-1995
4,Bristol Rovers,46,22,16,8,70,40,30,82,Qualification for the Second Division play-offs,1994-1995
5,Huddersfield Town,46,22,15,9,79,49,30,81,Qualification for the Second Division play-offs,1994-1995
6,Wycombe Wanderers,46,21,15,10,60,46,14,78,,1994-1995
7,Oxford United,46,21,12,13,66,52,14,75,,1994-1995
8,Hull City,46,21,11,14,70,57,13,74,,1994-1995
9,York City,46,21,9,16,67,51,16,72,,1994-1995
10,Swansea City,46,19,14,13,57,45,12,71,,1994-1995
11,Stockport County,46,19,8,19,63,60,3,65,,1994-1995
12,Blackpool,46,18,10,18,64,70,-6,64,,1994-1995
13,Wrexham,46,16,15,15,65,64,1,63,Qualification for the Cup Winners' Cup qualifying round,1994-1995
14,Bradford City,46,16,12,18,57,64,-7,60,,1994-1995
15,Peterborough United,46,14,18,14,54,69,-15,60,,1994-1995
16,Brighton & Hove Albion,46,14,17,15,54,53,1,59,,1994-1995
17,Rotherham United,46,14,14,18,57,61,-4,56,,1994-1995
18,Shrewsbury Town,46,13,14,19,54,62,-8,53,,1994-1995
19,Bournemouth,46,13,11,22,49,69,-20,50,,1994-1995
20,Cambridge United,46,11,15,20,52,69,-17,48,Relegation to the Third Division,1994-1995
21,Plymouth Argyle,46,12,10,24,45,83,-38,46,Relegation to the Third Division,1994-1995
22,Cardiff City,46,9,11,26,46,74,-28,38,Relegation to the Third Division,1994-1995
23,Chester City,46,6,11,29,37,84,-47,29,Relegation to the Third Division,1994-1995
24,Leyton Orient,46,6,8,32,30,75,-45,26,Relegation to the Third Division,1994-1995
1,Swindon Town,46,25,17,4,71,34,37,92,Promotion to the First Division,1995-1996
2,Oxford United,46,24,11,11,76,39,37,83,Promotion to the First Division,1995-1996
3,Blackpool,46,23,13,10,67,40,27,82,Qualification for the Second Division play-offs,1995-1996
4,Notts County,46,21,15,10,63,39,24,78,Qualification for the Second Division play-offs,1995-1996
5,Crewe Alexandra,46,22,7,17,77,60,17,73,Qualification for the Second Division play-offs,1995-1996
6,Bradford City,46,22,7,17,71,69,2,73,Qualification for the Second Division play-offs,1995-1996
7,Chesterfield,46,20,12,14,56,51,5,72,,1995-1996
8,Wrexham,46,18,16,12,76,55,21,70,,1995-1996
9,Stockport County,46,19,13,14,61,47,14,70,,1995-1996
10,Bristol Rovers,46,20,10,16,57,60,-3,70,,1995-1996
11,Walsall,46,19,12,15,60,45,15,69,,1995-1996
12,Wycombe Wanderers,46,15,15,16,63,59,4,60,,1995-1996
13,Bristol City,46,15,15,16,55,60,-5,60,,1995-1996
14,Bournemouth,46,16,10,20,51,70,-19,58,,1995-1996
15,Brentford,46,15,13,18,43,49,-6,58,,1995-1996
16,Rotherham United,46,14,14,18,54,62,-8,56,,1995-1996
17,Burnley,46,14,13,19,56,68,-12,55,,1995-1996
18,Shrewsbury Town,46,13,14,19,58,70,-12,53,,1995-1996
19,Peterborough United,46,13,13,20,59,66,-7,52,,1995-1996
20,York City,46,13,13,20,58,73,-15,52,,1995-1996
21,Carlisle United,46,12,13,21,57,72,-15,49,Relegation to the Third Division,1995-1996
22,Swansea City,46,11,14,21,43,79,-36,47,Relegation to the Third Division,1995-1996
23,Brighton & Hove Albion,46,10,10,26,46,69,-23,40,Relegation to the Third Division,1995-1996
24,Hull City,46,5,16,25,36,78,-42,31,Relegation to the Third Division,1995-1996
1,Bury,46,24,12,10,62,38,24,84,Promotion to the First Division,1996-1997
2,Stockport County,46,23,13,10,59,41,18,82,Promotion to the First Division,1996-1997
3,Luton Town,46,21,15,10,71,45,26,78,Qualification for the Second Division play-offs,1996-1997
4,Brentford,46,20,14,12,56,43,13,74,Qualification for the Second Division play-offs,1996-1997
5,Bristol City,46,21,10,15,69,51,18,73,Qualification for the Second Division play-offs,1996-1997
6,Crewe Alexandra,46,22,7,17,56,47,9,73,Qualification for the Second Division play-offs,1996-1997
7,Blackpool,46,18,15,13,60,47,13,69,,1996-1997
8,Wrexham,46,17,18,11,55,50,5,69,,1996-1997
9,Burnley,46,19,11,16,71,55,16,68,,1996-1997
10,Chesterfield,46,18,14,14,42,39,3,68,,1996-1997
11,Gillingham,46,19,10,17,60,59,1,67,,1996-1997
12,Walsall,46,19,10,17,54,53,1,67,,1996-1997
13,Watford,46,16,19,11,45,38,7,67,,1996-1997
14,Millwall,46,16,13,17,50,55,-5,61,,1996-1997
15,Preston North End,46,18,7,21,49,55,-6,61,,1996-1997
16,Bournemouth,46,15,15,16,43,45,-2,60,,1996-1997
17,Bristol Rovers,46,15,11,20,47,50,-3,56,,1996-1997
18,Wycombe Wanderers,46,15,10,21,51,57,-6,55,,1996-1997
19,Plymouth Argyle,46,12,18,16,47,58,-11,54,,1996-1997
20,York City,46,13,13,20,47,68,-21,52,,1996-1997
21,Peterborough United,46,11,14,21,55,73,-18,47,Relegation to the Third Division,1996-1997
22,Shrewsbury Town,46,11,13,22,49,74,-25,46,Relegation to the Third Division,1996-1997
23,Rotherham United,46,7,14,25,39,70,-31,35,Relegation to the Third Division,1996-1997
24,Notts County,46,7,14,25,33,59,-26,35,Relegation to the Third Division,1996-1997
1,Watford,46,24,16,6,67,41,26,88,Promotion to the First Division,1997-1998
2,Bristol City,46,25,10,11,69,39,30,85,Promotion to the First Division,1997-1998
3,Grimsby Town,46,19,15,12,55,37,18,72,Qualification for the Second Division play-offs,1997-1998
4,Northampton Town,46,18,17,11,52,37,15,71,Qualification for the Second Division play-offs,1997-1998
5,Bristol Rovers,46,20,10,16,70,64,6,70,Qualification for the Second Division play-offs,1997-1998
6,Fulham,46,20,10,16,60,43,17,70,Qualification for the Second Division play-offs,1997-1998
7,Wrexham,46,18,16,12,55,51,4,70,,1997-1998
8,Gillingham,46,19,13,14,52,47,5,70,,1997-1998
9,Bournemouth,46,18,12,16,57,52,5,66,,1997-1998
10,Chesterfield,46,16,17,13,46,44,2,65,,1997-1998
11,Wigan Athletic,46,17,11,18,64,66,-2,62,,1997-1998
12,Blackpool,46,17,11,18,59,67,-8,62,,1997-1998
13,Oldham Athletic,46,15,16,15,62,54,8,61,,1997-1998
14,Wycombe Wanderers,46,14,18,14,51,53,-2,60,,1997-1998
15,Preston North End,46,15,14,17,56,56,0,59,,1997-1998
16,York City,46,14,17,15,52,58,-6,59,,1997-1998
17,Luton Town,46,14,15,17,60,64,-4,57,,1997-1998
18,Millwall,46,14,13,19,43,54,-11,55,,1997-1998
19,Walsall,46,14,12,20,43,52,-9,54,,1997-1998
20,Burnley,46,13,13,20,55,65,-10,52,,1997-1998
21,Brentford,46,11,17,18,50,71,-21,50,Relegation to the Third Division,1997-1998
22,Plymouth Argyle,46,12,13,21,55,70,-15,49,Relegation to the Third Division,1997-1998
23,Carlisle United,46,12,8,26,57,73,-16,44,Relegation to the Third Division,1997-1998
24,Southend United,46,11,10,25,47,79,-32,43,Relegation to the Third Division,1997-1998
1,Fulham,46,31,8,7,79,32,47,101,Promotion to the First Division,1998-1999
2,Walsall,46,26,9,11,63,47,16,87,Promotion to the First Division,1998-1999
3,Manchester City,46,22,16,8,69,33,36,82,Qualification for the Second Division play-offs,1998-1999
4,Gillingham,46,22,14,10,75,44,31,80,Qualification for the Second Division play-offs,1998-1999
5,Preston North End,46,22,13,11,78,50,28,79,Qualification for the Second Division play-offs,1998-1999
6,Wigan Athletic,46,22,10,14,75,48,27,76,Qualification for the Second Division play-offs,1998-1999
7,Bournemouth,46,21,13,12,63,41,22,76,,1998-1999
8,Stoke City,46,21,6,19,59,63,-4,69,,1998-1999
9,Chesterfield,46,17,13,16,46,44,2,64,,1998-1999
10,Millwall,46,17,11,18,52,59,-7,62,,1998-1999
11,Reading,46,16,13,17,54,63,-9,61,,1998-1999
12,Luton Town,46,16,10,20,51,60,-9,58,,1998-1999
13,Bristol Rovers,46,13,17,16,65,56,9,56,,1998-1999
14,Blackpool,46,14,14,18,44,54,-10,56,,1998-1999
15,Burnley,46,13,16,17,54,73,-19,55,,1998-1999
16,Notts County,46,14,12,20,52,61,-9,54,,1998-1999
17,Wrexham,46,13,14,19,43,62,-19,53,,1998-1999
18,Colchester United,46,12,16,18,52,70,-18,52,,1998-1999
19,Wycombe Wanderers,46,13,12,21,52,58,-6,51,,1998-1999
20,Oldham Athletic,46,14,9,23,48,66,-18,51,,1998-1999
21,York City,46,13,11,22,56,80,-24,50,Relegation to the Third Division,1998-1999
22,Northampton Town,46,10,18,18,43,57,-14,48,Relegation to the Third Division,1998-1999
23,Lincoln City,46,13,7,26,42,74,-32,46,Relegation to the Third Division,1998-1999
24,Macclesfield Town,46,11,10,25,43,63,-20,43,Relegation to the Third Division,1998-1999
1,Preston North End,46,28,11,7,74,37,37,95,Promotion to the First Division,1999-2000
2,Burnley,46,25,13,8,69,47,22,88,Promotion to the First Division,1999-2000
3,Gillingham,46,25,10,11,79,48,31,85,Qualification for the Second Division play-offs,1999-2000
4,Wigan Athletic,46,22,17,7,72,38,34,83,Qualification for the Second Division play-offs,1999-2000
5,Millwall,46,23,13,10,76,50,26,82,Qualification for the Second Division play-offs,1999-2000
6,Stoke City,46,23,13,10,68,42,26,82,Qualification for the Second Division play-offs,1999-2000
7,Bristol Rovers,46,23,11,12,69,45,24,80,,1999-2000
8,Notts County,46,18,11,17,61,55,6,65,,1999-2000
9,Bristol City,46,15,19,12,59,57,2,64,,1999-2000
10,Reading,46,16,14,16,57,63,-6,62,,1999-2000
11,Wrexham,46,17,11,18,52,61,-9,62,,1999-2000
12,Wycombe Wanderers,46,16,13,17,56,53,3,61,,1999-2000
13,Luton Town,46,17,10,19,61,65,-4,61,,1999-2000
14,Oldham Athletic,46,16,12,18,50,55,-5,60,,1999-2000
15,Bury,46,13,18,15,61,64,-3,57,,1999-2000
16,Bournemouth,46,16,9,21,59,62,-3,57,,1999-2000
17,Brentford,46,13,13,20,47,61,-14,52,,1999-2000
18,Colchester United,46,14,10,22,59,82,-23,52,,1999-2000
19,Cambridge United,46,12,12,22,64,65,-1,48,,1999-2000
20,Oxford United,46,12,9,25,43,73,-30,45,,1999-2000
21,Cardiff City,46,9,17,20,45,67,-22,44,Relegation to the Third Division,1999-2000
22,Blackpool,46,8,17,21,49,77,-28,41,Relegation to the Third Division,1999-2000
23,Scunthorpe United,46,9,12,25,40,74,-34,39,Relegation to the Third Division,1999-2000
24,Chesterfield,46,7,15,24,34,63,-29,36,Relegation to the Third Division,1999-2000
1,Millwall,46,28,9,9,89,38,51,93,Promotion to Football League First Division,2000-2001
2,Rotherham United,46,27,10,9,79,55,24,91,Promotion to Football League First Division,2000-2001
3,Reading,46,25,11,10,86,52,34,86,Qualification for the Second Division play-offs,2000-2001
4,Walsall,46,23,12,11,79,50,29,81,Qualification for the Second Division play-offs,2000-2001
5,Stoke City,46,21,14,11,74,49,25,77,Qualification for the Second Division play-offs,2000-2001
6,Wigan Athletic,46,19,18,9,53,42,11,75,Qualification for the Second Division play-offs,2000-2001
7,Bournemouth,46,20,13,13,79,55,24,73,,2000-2001
8,Notts County,46,19,12,15,62,66,-4,69,,2000-2001
9,Bristol City,46,18,14,14,70,56,14,68,,2000-2001
10,Wrexham,46,17,12,17,65,71,-6,63,,2000-2001
11,Port Vale,46,16,14,16,55,49,6,62,,2000-2001
12,Peterborough United,46,15,14,17,61,66,-5,59,,2000-2001
13,Wycombe Wanderers,46,15,14,17,46,53,-7,59,,2000-2001
14,Brentford,46,14,17,15,56,70,-14,59,,2000-2001
15,Oldham Athletic,46,15,13,18,53,65,-12,58,,2000-2001
16,Bury,46,16,10,20,45,59,-14,58,,2000-2001
17,Colchester United,46,15,12,19,55,59,-4,57,,2000-2001
18,Northampton Town,46,15,12,19,46,59,-13,57,,2000-2001
19,Cambridge United,46,14,11,21,61,77,-16,53,,2000-2001
20,Swindon Town,46,13,13,20,47,65,-18,52,,2000-2001
21,Bristol Rovers,46,12,15,19,53,57,-4,51,Relegation to Football League Third Division,2000-2001
22,Luton Town,46,9,13,24,52,80,-28,40,Relegation to Football League Third Division,2000-2001
23,Swansea City,46,8,13,25,47,73,-26,37,Relegation to Football League Third Division,2000-2001
24,Oxford United,46,7,6,33,53,100,-47,27,Relegation to Football League Third Division,2000-2001
1,Brighton & Hove Albion,46,25,15,6,66,42,24,90,Promotion to Football League First Division,2001-2002
2,Reading,46,23,15,8,70,43,27,84,Promotion to Football League First Division,2001-2002
3,Brentford,46,24,11,11,77,43,34,83,Qualification for the Second Division play-offs,2001-2002
4,Cardiff City,46,23,14,9,75,50,25,83,Qualification for the Second Division play-offs,2001-2002
5,Stoke City,46,23,11,12,67,40,27,80,Qualification for the Second Division play-offs,2001-2002
6,Huddersfield Town,46,21,15,10,65,47,18,78,Qualification for the Second Division play-offs,2001-2002
7,Bristol City,46,21,10,15,68,53,15,73,,2001-2002
8,Queens Park Rangers,46,19,14,13,60,49,11,71,,2001-2002
9,Oldham Athletic,46,18,16,12,77,65,12,70,,2001-2002
10,Wigan Athletic,46,16,16,14,66,51,15,64,,2001-2002
11,Wycombe Wanderers,46,17,13,16,58,64,-6,64,,2001-2002
12,Tranmere Rovers,46,16,15,15,63,60,3,63,,2001-2002
13,Swindon Town,46,15,14,17,46,56,-10,59,,2001-2002
14,Port Vale,46,16,10,20,51,62,-11,58,,2001-2002
15,Colchester United,46,15,12,19,65,76,-11,57,,2001-2002
16,Blackpool,46,14,14,18,66,69,-3,56,,2001-2002
17,Peterborough United,46,15,10,21,64,59,5,55,,2001-2002
18,Chesterfield,46,13,13,20,53,65,-12,52,,2001-2002
19,Notts County,46,13,11,22,59,71,-12,50,,2001-2002
20,Northampton Town,46,14,7,25,54,79,-25,49,,2001-2002
21,Bournemouth,46,10,14,22,56,71,-15,44,Relegation to Football League Third Division,2001-2002
22,Bury,46,11,11,24,43,75,-32,44,Relegation to Football League Third Division,2001-2002
23,Wrexham,46,11,10,25,56,89,-33,43,Relegation to Football League Third Division,2001-2002
24,Cambridge United,46,7,13,26,47,93,-46,34,Relegation to Football League Third Division,2001-2002
1,Wigan Athletic,46,29,13,4,68,25,43,100,Promotion to Football League First Division,2002-2003
2,Crewe Alexandra,46,25,11,10,76,40,36,86,Promotion to Football League First Division,2002-2003
3,Bristol City,46,24,11,11,79,48,31,83,Qualification for the Second Division play-offs,2002-2003
4,Queens Park Rangers,46,24,11,11,69,45,24,83,Qualification for the Second Division play-offs,2002-2003
5,Oldham Athletic,46,22,16,8,68,38,30,82,Qualification for the Second Division play-offs,2002-2003
6,Cardiff City,46,23,12,11,68,43,25,81,Qualification for the Second Division play-offs,2002-2003
7,Tranmere Rovers,46,23,11,12,66,57,9,80,,2002-2003
8,Plymouth Argyle,46,17,14,15,63,52,11,65,,2002-2003
9,Luton Town,46,17,14,15,67,62,5,65,,2002-2003
10,Swindon Town,46,16,12,18,59,63,-4,60,,2002-2003
11,Peterborough United,46,14,16,16,51,54,-3,58,,2002-2003
12,Colchester United,46,14,16,16,52,56,-4,58,,2002-2003
13,Blackpool,46,15,13,18,56,64,-8,58,,2002-2003
14,Stockport County,46,15,10,21,65,70,-5,55,,2002-2003
15,Notts County,46,13,16,17,62,70,-8,55,,2002-2003
16,Brentford,46,14,12,20,47,56,-9,54,,2002-2003
17,Port Vale,46,14,11,21,54,70,-16,53,,2002-2003
18,Wycombe Wanderers,46,13,13,20,59,66,-7,52,,2002-2003
19,Barnsley,46,13,13,20,51,64,-13,52,,2002-2003
20,Chesterfield,46,14,8,24,43,73,-30,50,,2002-2003
21,Cheltenham Town,46,10,18,18,53,68,-15,48,Relegation to Football League Third Division,2002-2003
22,Huddersfield Town,46,11,12,23,39,61,-22,45,Relegation to Football League Third Division,2002-2003
23,Mansfield Town,46,12,8,26,66,97,-31,44,Relegation to Football League Third Division,2002-2003
24,Northampton Town,46,10,9,27,40,79,-39,39,Relegation to Football League Third Division,2002-2003
1,Plymouth Argyle,46,26,12,8,85,41,44,90,Promotion to Football League Championship,2003-2004
2,Queens Park Rangers,46,22,17,7,80,45,35,83,Promotion to Football League Championship,2003-2004
3,Bristol City,46,23,13,10,58,37,21,82,Qualification for the Second Division play-offs,2003-2004
4,Brighton & Hove Albion,46,22,11,13,64,43,21,77,Qualification for the Second Division play-offs,2003-2004
5,Swindon Town,46,20,13,13,76,58,18,73,Qualification for the Second Division play-offs,2003-2004
6,Hartlepool United,46,20,13,13,76,61,15,73,Qualification for the Second Division play-offs,2003-2004
7,Port Vale,46,21,10,15,73,63,10,73,,2003-2004
8,Tranmere Rovers,46,17,16,13,59,56,3,67,,2003-2004
9,Bournemouth,46,17,15,14,56,51,5,66,,2003-2004
10,Luton Town,46,17,15,14,69,66,3,66,,2003-2004
11,Colchester United,46,17,13,16,52,56,-4,64,,2003-2004
12,Barnsley,46,15,17,14,54,58,-4,62,,2003-2004
13,Wrexham,46,17,9,20,50,60,-10,60,,2003-2004
14,Blackpool,46,16,11,19,58,65,-7,59,,2003-2004
15,Oldham Athletic,46,12,21,13,66,60,6,57,,2003-2004
16,Sheffield Wednesday,46,13,14,19,48,64,-16,53,,2003-2004
17,Brentford,46,14,11,21,52,69,-17,53,,2003-2004
18,Peterborough United,46,12,16,18,58,58,0,52,,2003-2004
19,Stockport County,46,11,19,16,62,70,-8,52,,2003-2004
20,Chesterfield,46,12,15,19,49,71,-22,51,,2003-2004
21,Grimsby Town,46,13,11,22,55,81,-26,50,Relegation to Football League Two,2003-2004
22,Rushden & Diamonds,46,13,9,24,60,74,-14,48,Relegation to Football League Two,2003-2004
23,Notts County,46,10,12,24,50,78,-28,42,Relegation to Football League Two,2003-2004
24,Wycombe Wanderers,46,6,19,21,50,75,-25,37,Relegation to Football League Two,2003-2004
1,Luton Town,46,29,11,6,87,48,39,98,Promotion to Football League Championship,2004-2005
2,Hull City,46,26,8,12,80,53,27,86,Promotion to Football League Championship,2004-2005
3,Tranmere Rovers,46,22,13,11,73,55,18,79,Qualification for League One play-offs,2004-2005
4,Brentford,46,22,9,15,57,60,-3,75,Qualification for League One play-offs,2004-2005
5,Sheffield Wednesday,46,19,15,12,77,59,18,72,Qualification for League One play-offs,2004-2005
6,Hartlepool United,46,21,8,17,76,66,10,71,Qualification for League One play-offs,2004-2005
7,Bristol City,46,18,16,12,74,57,17,70,,2004-2005
8,Bournemouth,46,20,10,16,77,64,13,70,,2004-2005
9,Huddersfield Town,46,20,10,16,74,65,9,70,,2004-2005
10,Doncaster Rovers,46,16,18,12,65,60,5,66,,2004-2005
11,Bradford City,46,17,14,15,64,62,2,65,,2004-2005
12,Swindon Town,46,17,12,17,66,68,-2,63,,2004-2005
13,Barnsley,46,14,19,13,69,64,5,61,,2004-2005
14,Walsall,46,16,12,18,65,69,-4,60,,2004-2005
15,Colchester United,46,14,17,15,60,50,10,59,,2004-2005
16,Blackpool,46,15,12,19,54,59,-5,57,,2004-2005
17,Chesterfield,46,14,15,17,55,62,-7,57,,2004-2005
18,Port Vale,46,17,5,24,49,59,-10,56,,2004-2005
19,Oldham Athletic,46,14,10,22,60,73,-13,52,,2004-2005
20,Milton Keynes Dons,46,12,15,19,54,68,-14,51,,2004-2005
21,Torquay United,46,12,15,19,55,79,-24,51,Relegation to Football League Two,2004-2005
22,Wrexham,46,13,14,19,62,80,-18,43,Relegation to Football League Two,2004-2005
23,Peterborough United,46,9,12,25,49,73,-24,39,Relegation to Football League Two,2004-2005
24,Stockport County,46,6,8,32,49,98,-49,26,Relegation to Football League Two,2004-2005
1,Reading,46,31,13,2,99,32,67,106,Promotion to the FA Premier League,2005-2006
2,Sheffield United,46,26,12,8,76,46,30,90,Promotion to the FA Premier League,2005-2006
3,Watford,46,22,15,9,77,53,24,81,Qualification for Championship play-offs,2005-2006
4,Preston North End,46,20,20,6,59,30,29,80,Qualification for Championship play-offs,2005-2006
5,Leeds United,46,21,15,10,57,38,19,78,Qualification for Championship play-offs,2005-2006
6,Crystal Palace,46,21,12,13,67,48,19,75,Qualification for Championship play-offs,2005-2006
7,Wolverhampton Wanderers,46,16,19,11,50,42,8,67,,2005-2006
8,Coventry City,46,16,15,15,62,65,-3,63,,2005-2006
9,Norwich City,46,18,8,20,56,65,-9,62,,2005-2006
10,Luton Town,46,17,10,19,66,67,-1,61,,2005-2006
11,Cardiff City,46,16,12,18,58,59,-1,60,,2005-2006
12,Southampton,46,13,19,14,49,50,-1,58,,2005-2006
13,Stoke City,46,17,7,22,54,63,-9,58,,2005-2006
14,Plymouth Argyle,46,13,17,16,39,46,-7,56,,2005-2006
15,Ipswich Town,46,14,14,18,53,66,-13,56,,2005-2006
16,Leicester City,46,13,15,18,51,59,-8,54,,2005-2006
17,Burnley,46,14,12,20,46,54,-8,54,,2005-2006
18,Hull City,46,12,16,18,49,55,-6,52,,2005-2006
19,Sheffield Wednesday,46,13,13,20,39,52,-13,52,,2005-2006
20,Derby County,46,10,20,16,53,67,-14,50,,2005-2006
21,Queens Park Rangers,46,12,14,20,50,65,-15,50,,2005-2006
22,Crewe Alexandra,46,9,15,22,57,86,-29,42,Relegation to Football League One,2005-2006
23,Millwall,46,8,16,22,35,62,-27,40,Relegation to Football League One,2005-2006
24,Brighton & Hove Albion,46,7,17,22,39,71,-32,38,Relegation to Football League One,2005-2006
1,Sunderland,46,27,7,12,76,47,29,88,Promotion to the Premier League,2006-2007
2,Birmingham City,46,26,8,12,67,42,25,86,Promotion to the Premier League,2006-2007
3,Derby County,46,25,9,12,62,46,16,84,Qualification for Championship play-offs,2006-2007
4,West Bromwich Albion,46,22,10,14,81,55,26,76,Qualification for Championship play-offs,2006-2007
5,Wolverhampton Wanderers,46,22,10,14,59,56,3,76,Qualification for Championship play-offs,2006-2007
6,Southampton,46,21,12,13,77,53,24,75,Qualification for Championship play-offs,2006-2007
7,Preston North End,46,22,8,16,64,53,11,74,,2006-2007
8,Stoke City,46,19,16,11,62,41,21,73,,2006-2007
9,Sheffield Wednesday,46,20,11,15,70,66,4,71,,2006-2007
10,Colchester United,46,20,9,17,70,56,14,69,,2006-2007
11,Plymouth Argyle,46,17,16,13,63,62,1,67,,2006-2007
12,Crystal Palace,46,18,11,17,58,50,8,65,,2006-2007
13,Cardiff City,46,17,13,16,57,53,4,64,,2006-2007
14,Ipswich Town,46,18,8,20,64,59,5,62,,2006-2007
15,Burnley,46,15,12,19,52,49,3,57,,2006-2007
16,Norwich City,46,16,9,21,56,71,-15,57,,2006-2007
17,Coventry City,46,16,8,22,47,62,-15,56,,2006-2007
18,Queens Park Rangers,46,14,11,21,54,68,-14,53,,2006-2007
19,Leicester City,46,13,14,19,49,64,-15,53,,2006-2007
20,Barnsley,46,15,5,26,53,85,-32,50,,2006-2007
21,Hull City,46,13,10,23,51,67,-16,49,,2006-2007
22,Southend United,46,10,12,24,47,80,-33,42,Relegation to Football League One,2006-2007
23,Luton Town,46,10,10,26,53,81,-28,40,Relegation to Football League One,2006-2007
24,Leeds United,46,13,7,26,46,72,-26,36,Relegation to Football League One,2006-2007
1,Swansea City,46,27,11,8,82,42,40,92,Promotion to Football League Championship,2007-2008
2,Nottingham Forest,46,22,16,8,64,32,32,82,Promotion to Football League Championship,2007-2008
3,Doncaster Rovers,46,23,11,12,65,41,24,80,Qualification for League One play-offs,2007-2008
4,Carlisle United,46,23,11,12,64,46,18,80,Qualification for League One play-offs,2007-2008
5,Leeds United,46,27,10,9,72,38,34,76,Qualification for League One play-offs,2007-2008
6,Southend United,46,22,10,14,70,55,15,76,Qualification for League One play-offs,2007-2008
7,Brighton & Hove Albion,46,19,12,15,58,50,8,69,,2007-2008
8,Oldham Athletic,46,18,13,15,58,45,13,67,,2007-2008
9,Northampton Town,46,17,15,14,60,55,5,66,,2007-2008
10,Huddersfield Town,46,20,6,20,50,62,-12,66,,2007-2008
11,Tranmere Rovers,46,18,11,17,52,47,5,65,,2007-2008
12,Walsall,46,16,16,14,52,46,6,64,,2007-2008
13,Swindon Town,46,16,13,17,63,56,7,61,,2007-2008
14,Leyton Orient,46,16,12,18,49,63,-14,60,,2007-2008
15,Hartlepool United,46,15,9,22,62,65,-3,54,,2007-2008
16,Bristol Rovers,46,12,17,17,45,53,-8,53,,2007-2008
17,Millwall,46,14,10,22,45,61,-16,52,,2007-2008
18,Yeovil Town,46,14,10,22,38,59,-21,52,,2007-2008
19,Cheltenham Town,46,13,12,21,42,64,-22,51,,2007-2008
20,Crewe Alexandra,46,12,14,20,47,65,-18,50,,2007-2008
21,AFC Bournemouth,46,17,7,22,62,72,-10,48,Relegation to Football League Two,2007-2008
22,Gillingham,46,11,13,22,44,73,-29,46,Relegation to Football League Two,2007-2008
23,Port Vale,46,9,11,26,47,81,-34,38,Relegation to Football League Two,2007-2008
24,Luton Town,46,11,10,25,43,63,-20,33,Relegation to Football League Two,2007-2008
1,Leicester City,46,27,15,4,84,39,45,96,Promotion to Football League Championship,2008-2009
2,Peterborough United,46,26,11,9,78,54,24,89,Promotion to Football League Championship,2008-2009
3,Milton Keynes Dons,46,26,9,11,83,47,36,87,Qualification for League One play-offs,2008-2009
4,Leeds United,46,26,6,14,77,49,28,84,Qualification for League One play-offs,2008-2009
5,Millwall,46,25,7,14,63,53,10,82,Qualification for League One play-offs,2008-2009
6,Scunthorpe United,46,22,10,14,82,63,19,76,Qualification for League One play-offs,2008-2009
7,Tranmere Rovers,46,21,11,14,62,49,13,74,,2008-2009
8,Southend United,46,21,8,17,58,61,-3,71,,2008-2009
9,Huddersfield Town,46,18,14,14,62,65,-3,68,,2008-2009
10,Oldham Athletic,46,16,17,13,66,65,1,65,,2008-2009
11,Bristol Rovers,46,17,12,17,79,61,18,63,,2008-2009
12,Colchester United,46,18,9,19,58,58,0,63,,2008-2009
13,Walsall,46,17,10,19,61,66,-5,61,,2008-2009
14,Leyton Orient,46,15,11,20,45,57,-12,56,,2008-2009
15,Swindon Town,46,12,17,17,68,71,-3,53,,2008-2009
16,Brighton & Hove Albion,46,13,13,20,55,70,-15,52,,2008-2009
17,Yeovil Town,46,12,15,19,41,66,-25,51,,2008-2009
18,Stockport County,46,16,12,18,59,57,2,50,,2008-2009
19,Hartlepool United,46,13,11,22,66,79,-13,50,,2008-2009
20,Carlisle United,46,12,14,20,56,69,-13,50,,2008-2009
21,Northampton Town,46,12,13,21,61,65,-4,49,Relegation to Football League Two,2008-2009
22,Crewe Alexandra,46,12,10,24,59,82,-23,46,Relegation to Football League Two,2008-2009
23,Cheltenham Town,46,9,12,25,51,91,-40,39,Relegation to Football League Two,2008-2009
24,Hereford United,46,9,7,30,42,79,-37,34,Relegation to Football League Two,2008-2009
1,Norwich City,46,29,8,9,89,47,42,95,Promotion to Football League Championship,2009-2010
2,Leeds United,46,25,11,10,77,44,33,86,Promotion to Football League Championship,2009-2010
3,Millwall,46,24,13,9,76,44,32,85,Qualification for League One play-offs,2009-2010
4,Charlton Athletic,46,23,15,8,71,48,23,84,Qualification for League One play-offs,2009-2010
5,Swindon Town,46,22,16,8,73,57,16,82,Qualification for League One play-offs,2009-2010
6,Huddersfield Town,46,23,11,12,82,56,26,80,Qualification for League One play-offs,2009-2010
7,Southampton,46,23,14,9,85,47,38,73,,2009-2010
8,Colchester United,46,20,12,14,64,52,12,72,,2009-2010
9,Brentford,46,14,20,12,55,52,3,62,,2009-2010
10,Walsall,46,16,14,16,60,63,-3,62,,2009-2010
11,Bristol Rovers,46,19,5,22,59,70,-11,62,,2009-2010
12,Milton Keynes Dons,46,17,9,20,60,68,-8,60,,2009-2010
13,Brighton & Hove Albion,46,15,14,17,56,60,-4,59,,2009-2010
14,Carlisle United,46,15,13,18,63,66,-3,58,,2009-2010
15,Yeovil Town,46,13,14,19,55,59,-4,53,,2009-2010
16,Oldham Athletic,46,13,13,20,39,57,-18,52,,2009-2010
17,Leyton Orient,46,13,12,21,53,63,-10,51,,2009-2010
18,Exeter City,46,11,18,17,48,60,-12,51,,2009-2010
19,Tranmere Rovers,46,14,9,23,45,72,-27,51,,2009-2010
20,Hartlepool United,46,14,11,21,59,67,-8,50,,2009-2010
21,Gillingham,46,12,14,20,48,64,-16,50,Relegation to Football League Two,2009-2010
22,Wycombe Wanderers,46,10,15,21,56,76,-20,45,Relegation to Football League Two,2009-2010
23,Southend United,46,10,13,23,51,72,-21,43,Relegation to Football League Two,2009-2010
24,Stockport County,46,5,10,31,35,95,-60,25,Relegation to Football League Two,2009-2010
1,Brighton & Hove Albion,46,28,11,7,85,40,45,95,Promotion to Football League Championship,2010-2011
2,Southampton,46,28,8,10,86,38,48,92,Promotion to Football League Championship,2010-2011
3,Huddersfield Town,46,25,12,9,77,48,29,87,Qualification for League One play-offs,2010-2011
4,Peterborough United,46,23,10,13,106,75,31,79,Qualification for League One play-offs,2010-2011
5,Milton Keynes Dons,46,23,8,15,67,60,7,77,Qualification for League One play-offs,2010-2011
6,Bournemouth,46,19,14,13,75,54,21,71,Qualification for League One play-offs,2010-2011
7,Leyton Orient,46,19,13,14,71,62,9,70,,2010-2011
8,Exeter City,46,20,10,16,66,73,-7,70,,2010-2011
9,Rochdale,46,18,14,14,63,55,8,68,,2010-2011
10,Colchester United,46,16,14,16,57,63,-6,62,,2010-2011
11,Brentford,46,17,10,19,55,62,-7,61,,2010-2011
12,Carlisle United,46,16,11,19,60,62,-2,59,,2010-2011
13,Charlton Athletic,46,15,14,17,62,66,-4,59,,2010-2011
14,Yeovil Town,46,16,11,19,56,66,-10,59,,2010-2011
15,Sheffield Wednesday,46,16,10,20,67,67,0,58,,2010-2011
16,Hartlepool United,46,15,12,19,47,65,-18,57,,2010-2011
17,Oldham Athletic,46,13,17,16,53,60,-7,56,,2010-2011
18,Tranmere Rovers,46,15,11,20,53,60,-7,56,,2010-2011
19,Notts County,46,14,8,24,46,60,-14,50,,2010-2011
20,Walsall,46,12,12,22,56,75,-19,48,,2010-2011
21,Dagenham & Redbridge,46,12,11,23,52,70,-18,47,Relegation to Football League Two,2010-2011
22,Bristol Rovers,46,11,12,23,48,82,-34,45,Relegation to Football League Two,2010-2011
23,Plymouth Argyle,46,15,7,24,51,74,-23,42,Relegation to Football League Two,2010-2011
24,Swindon Town,46,9,14,23,50,72,-22,41,Relegation to Football League Two,2010-2011
1,Charlton Athletic,46,30,11,5,82,36,46,101,Promotion to Football League Championship,2011-2012
2,Sheffield Wednesday,46,28,9,9,81,48,33,93,Promotion to Football League Championship,2011-2012
3,Sheffield United,46,27,9,10,92,51,41,90,Qualification for League One play-offs,2011-2012
4,Huddersfield Town,46,21,18,7,79,47,32,81,Qualification for League One play-offs,2011-2012
5,Milton Keynes Dons,46,22,14,10,84,47,37,80,Qualification for League One play-offs,2011-2012
6,Stevenage,46,18,19,9,69,44,25,73,Qualification for League One play-offs,2011-2012
7,Notts County,46,21,10,15,75,63,12,73,,2011-2012
8,Carlisle United,46,18,15,13,65,66,-1,69,,2011-2012
9,Brentford,46,18,13,15,63,52,11,67,,2011-2012
10,Colchester United,46,13,20,13,61,66,-5,59,,2011-2012
11,AFC Bournemouth,46,15,13,18,48,52,-4,58,,2011-2012
12,Tranmere Rovers,46,14,14,18,49,53,-4,56,,2011-2012
13,Hartlepool United,46,14,14,18,50,55,-5,56,,2011-2012
14,Bury,46,15,11,20,60,79,-19,56,,2011-2012
15,Preston North End,46,13,15,18,54,68,-14,54,,2011-2012
16,Oldham Athletic,46,14,12,20,50,66,-16,54,,2011-2012
17,Yeovil Town,46,14,12,20,59,80,-21,54,,2011-2012
18,Scunthorpe United,46,10,22,14,55,59,-4,52,,2011-2012
19,Walsall,46,10,20,16,51,57,-6,50,,2011-2012
20,Leyton Orient,46,13,11,22,48,75,-27,50,,2011-2012
21,Wycombe Wanderers,46,11,10,25,65,88,-23,43,Relegation to Football League Two,2011-2012
22,Chesterfield,46,10,12,24,56,81,-25,42,Relegation to Football League Two,2011-2012
23,Exeter City,46,10,12,24,46,75,-29,42,Relegation to Football League Two,2011-2012
24,Rochdale,46,8,14,24,47,81,-34,38,Relegation to Football League Two,2011-2012
1,Doncaster Rovers,46,25,9,12,62,44,18,84,Promotion to Football League Championship,2012-2013
2,Bournemouth,46,24,11,11,76,53,23,83,Promotion to Football League Championship,2012-2013
3,Brentford,46,21,16,9,62,47,15,79,Qualification for League One play-offs,2012-2013
4,Yeovil Town,46,23,8,15,71,56,15,77,Qualification for League One play-offs,2012-2013
5,Sheffield United,46,19,18,9,56,42,14,75,Qualification for League One play-offs,2012-2013
6,Swindon Town,46,20,14,12,72,39,33,74,Qualification for League One play-offs,2012-2013
7,Leyton Orient,46,21,8,17,55,48,7,71,,2012-2013
8,Milton Keynes Dons,46,19,13,14,62,45,17,70,,2012-2013
9,Walsall,46,17,17,12,65,58,7,68,,2012-2013
10,Crawley Town,46,18,14,14,59,58,1,68,,2012-2013
11,Tranmere Rovers,46,19,10,17,58,48,10,67,,2012-2013
12,Notts County,46,16,17,13,61,49,12,65,,2012-2013
13,Crewe Alexandra,46,18,10,18,54,62,-8,64,,2012-2013
14,Preston North End,46,14,17,15,54,49,5,59,,2012-2013
15,Coventry City,46,18,11,17,66,59,7,55,,2012-2013
16,Shrewsbury Town,46,13,16,17,54,60,-6,55,,2012-2013
17,Carlisle United,46,14,13,19,56,77,-21,55,,2012-2013
18,Stevenage,46,15,9,22,47,64,-17,54,,2012-2013
19,Oldham Athletic,46,14,9,23,46,59,-13,51,,2012-2013
20,Colchester United,46,14,9,23,47,68,-21,51,,2012-2013
21,Scunthorpe United,46,13,9,24,49,73,-24,48,Relegation to Football League Two,2012-2013
22,Bury,46,9,14,23,45,73,-28,41,Relegation to Football League Two,2012-2013
23,Hartlepool United,46,9,14,23,39,67,-28,41,Relegation to Football League Two,2012-2013
24,Portsmouth,46,10,12,24,51,69,-18,32,Relegation to Football League Two,2012-2013
1,Wolverhampton Wanderers,46,31,10,5,89,31,58,103,Promotion to Football League Championship,2013-2014
2,Brentford,46,28,10,8,72,43,29,94,Promotion to Football League Championship,2013-2014
3,Leyton Orient,46,25,11,10,85,45,40,86,Qualification for League One play-offs,2013-2014
4,Rotherham United,46,24,14,8,86,58,28,86,Qualification for League One play-offs,2013-2014
5,Preston North End,46,23,16,7,72,46,26,85,Qualification for League One play-offs,2013-2014
6,Peterborough United,46,23,5,18,72,58,14,74,Qualification for League One play-offs,2013-2014
7,Sheffield United,46,18,13,15,48,47,1,67,,2013-2014
8,Swindon Town,46,19,9,18,63,59,4,66,,2013-2014
9,Port Vale,46,18,7,21,59,73,-14,61,,2013-2014
10,Milton Keynes Dons,46,17,9,20,63,65,-2,60,,2013-2014
11,Bradford City,46,14,17,15,57,54,3,59,,2013-2014
12,Bristol City,46,13,19,14,70,67,3,58,,2013-2014
13,Walsall,46,14,16,16,49,49,0,58,,2013-2014
14,Crawley Town,46,14,15,17,48,54,-6,57,,2013-2014
15,Oldham Athletic,46,14,14,18,50,59,-9,56,,2013-2014
16,Colchester United,46,13,14,19,53,61,-8,53,,2013-2014
17,Gillingham,46,15,8,23,60,79,-19,53,,2013-2014
18,Coventry City,46,16,13,17,74,77,-3,51,,2013-2014
19,Crewe Alexandra,46,13,12,21,54,80,-26,51,,2013-2014
20,Notts County,46,15,5,26,64,77,-13,50,,2013-2014
21,Tranmere Rovers,46,12,11,23,52,79,-27,47,Relegation to Football League Two,2013-2014
22,Carlisle United,46,11,12,23,43,76,-33,45,Relegation to Football League Two,2013-2014
23,Shrewsbury Town,46,9,15,22,44,65,-21,42,Relegation to Football League Two,2013-2014
24,Stevenage,46,11,9,26,46,72,-26,42,Relegation to Football League Two,2013-2014
1,Bristol City,46,29,12,5,96,38,58,99,Promotion to Football League Championship,2014-2015
2,Milton Keynes Dons,46,27,10,9,101,44,57,91,Promotion to Football League Championship,2014-2015
3,Preston North End,46,25,14,7,79,40,39,89,Qualification for League One play-offs,2014-2015
4,Swindon Town,46,23,10,13,76,57,19,79,Qualification for League One play-offs,2014-2015
5,Sheffield United,46,19,14,13,66,53,13,71,Qualification for League One play-offs,2014-2015
6,Chesterfield,46,19,12,15,68,55,13,69,Qualification for League One play-offs,2014-2015
7,Bradford City,46,17,14,15,55,55,0,65,,2014-2015
8,Rochdale,46,19,6,21,72,66,6,63,,2014-2015
9,Peterborough United,46,18,9,19,53,56,-3,63,,2014-2015
10,Fleetwood Town,46,17,12,17,49,52,-3,63,,2014-2015
11,Barnsley,46,17,11,18,62,61,1,62,,2014-2015
12,Gillingham,46,16,14,16,65,66,-1,62,,2014-2015
13,Doncaster Rovers,46,16,13,17,58,62,-4,61,,2014-2015
14,Walsall,46,14,17,15,50,54,-4,59,,2014-2015
15,Oldham Athletic,46,14,15,17,54,67,-13,57,,2014-2015
16,Scunthorpe United,46,14,14,18,62,75,-13,56,,2014-2015
17,Coventry City,46,13,16,17,49,60,-11,55,,2014-2015
18,Port Vale,46,15,9,22,55,65,-10,54,,2014-2015
19,Colchester United,46,14,10,22,58,77,-19,52,,2014-2015
20,Crewe Alexandra,46,14,10,22,43,75,-32,52,,2014-2015
21,Notts County,46,12,14,20,45,63,-18,50,Relegation to Football League Two,2014-2015
22,Crawley Town,46,13,11,22,53,79,-26,50,Relegation to Football League Two,2014-2015
23,Leyton Orient,46,12,13,21,59,69,-10,49,Relegation to Football League Two,2014-2015
24,Yeovil Town,46,10,10,26,36,75,-39,40,Relegation to Football League Two,2014-2015
1,Wigan Athletic,46,24,15,7,82,45,37,87,Promotion to EFL Championship,2015-2016
2,Burton Albion,46,25,10,11,57,37,20,85,Promotion to EFL Championship,2015-2016
3,Walsall,46,24,12,10,71,49,22,84,Qualification for the League One play-offs,2015-2016
4,Millwall,46,24,9,13,73,49,24,81,Qualification for the League One play-offs,2015-2016
5,Bradford City,46,23,11,12,55,40,15,80,Qualification for the League One play-offs,2015-2016
6,Barnsley,46,22,8,16,70,54,16,74,Qualification for the League One play-offs,2015-2016
7,Scunthorpe United,46,21,11,14,60,47,13,74,,2015-2016
8,Coventry City,46,19,12,15,67,49,18,69,,2015-2016
9,Gillingham,46,19,12,15,71,56,15,69,,2015-2016
10,Rochdale,46,19,12,15,68,61,7,69,,2015-2016
11,Sheffield United,46,18,12,16,64,59,5,66,,2015-2016
12,Port Vale,46,18,11,17,56,58,-2,65,,2015-2016
13,Peterborough United,46,19,6,21,82,73,9,63,,2015-2016
14,Southend United,46,16,11,19,58,64,-6,59,,2015-2016
15,Swindon Town,46,16,11,19,64,71,-7,59,,2015-2016
16,Bury,46,16,12,18,56,73,-17,57,,2015-2016
17,Oldham Athletic,46,12,18,16,44,58,-14,54,,2015-2016
18,Chesterfield,46,15,8,23,58,70,-12,53,,2015-2016
19,Fleetwood Town,46,12,15,19,52,56,-4,51,,2015-2016
20,Shrewsbury Town,46,13,11,22,58,79,-21,50,,2015-2016
21,Doncaster Rovers,46,11,13,22,48,64,-16,46,Relegation to EFL League Two,2015-2016
22,Blackpool,46,12,10,24,40,63,-23,46,Relegation to EFL League Two,2015-2016
23,Colchester United,46,9,13,24,57,99,-42,40,Relegation to EFL League Two,2015-2016
24,Crewe Alexandra,46,7,13,26,46,83,-37,34,Relegation to EFL League Two,2015-2016
1,Sheffield United,46,30,10,6,92,47,45,100,Promotion to the EFL Championship,2016-2017
2,Bolton Wanderers,46,25,11,10,68,36,32,86,Promotion to the EFL Championship,2016-2017
3,Scunthorpe United,46,24,10,12,80,54,26,82,Qualification for the League One play-offs,2016-2017
4,Fleetwood Town,46,23,13,10,64,43,21,82,Qualification for the League One play-offs,2016-2017
5,Bradford City,46,20,19,7,62,43,19,79,Qualification for the League One play-offs,2016-2017
6,Millwall,46,20,13,13,66,57,9,73,Qualification for the League One play-offs,2016-2017
7,Southend United,46,20,12,14,70,53,17,72,,2016-2017
8,Oxford United,46,20,9,17,65,52,13,69,,2016-2017
9,Rochdale,46,19,12,15,71,62,9,69,,2016-2017
10,Bristol Rovers,46,18,12,16,68,70,-2,66,,2016-2017
11,Peterborough United,46,17,11,18,62,62,0,62,,2016-2017
12,Milton Keynes Dons,46,16,13,17,60,58,2,61,,2016-2017
13,Charlton Athletic,46,14,18,14,60,53,7,60,,2016-2017
14,Walsall,46,14,16,16,51,58,-7,58,,2016-2017
15,AFC Wimbledon,46,13,18,15,52,55,-3,57,,2016-2017
16,Northampton Town,46,14,11,21,60,73,-13,53,,2016-2017
17,Oldham Athletic,46,12,17,17,31,44,-13,53,,2016-2017
18,Shrewsbury Town,46,13,12,21,46,63,-17,51,,2016-2017
19,Bury,46,13,11,22,61,73,-12,50,,2016-2017
20,Gillingham,46,12,14,20,59,79,-20,50,,2016-2017
21,Port Vale,46,12,13,21,45,70,-25,49,Relegation to EFL League Two,2016-2017
22,Swindon Town,46,11,11,24,44,66,-22,44,Relegation to EFL League Two,2016-2017
23,Coventry City,46,9,12,25,37,68,-31,39,Relegation to EFL League Two,2016-2017
24,Chesterfield,46,9,10,27,43,78,-35,37,Relegation to EFL League Two,2016-2017
1,Wigan Athletic,46,29,11,6,89,29,60,98,Promotion to the EFL Championship,2017-2018
2,Blackburn Rovers,46,28,12,6,82,40,42,96,Promotion to the EFL Championship,2017-2018
3,Shrewsbury Town,46,25,12,9,60,39,21,87,Qualification for League One play-offs,2017-2018
4,Rotherham United,46,24,7,15,73,53,20,79,Qualification for League One play-offs,2017-2018
5,Scunthorpe United,46,19,17,10,65,50,15,74,Qualification for League One play-offs,2017-2018
6,Charlton Athletic,46,20,11,15,58,51,7,71,Qualification for League One play-offs,2017-2018
7,Plymouth Argyle,46,19,11,16,58,59,-1,68,,2017-2018
8,Portsmouth,46,20,6,20,57,56,1,66,,2017-2018
9,Peterborough United,46,17,13,16,68,60,8,64,,2017-2018
10,Southend United,46,17,12,17,58,62,-4,63,,2017-2018
11,Bradford City,46,18,9,19,57,67,-10,63,,2017-2018
12,Blackpool,46,15,15,16,60,55,5,60,,2017-2018
13,Bristol Rovers,46,16,11,19,60,66,-6,59,,2017-2018
14,Fleetwood Town,46,16,9,21,59,68,-9,57,,2017-2018
15,Doncaster Rovers,46,13,17,16,52,52,0,56,,2017-2018
16,Oxford United,46,15,11,20,61,66,-5,56,,2017-2018
17,Gillingham,46,13,17,16,50,55,-5,56,,2017-2018
18,AFC Wimbledon,46,13,14,19,47,58,-11,53,,2017-2018
19,Walsall,46,13,13,20,53,66,-13,52,,2017-2018
20,Rochdale,46,11,18,17,49,57,-8,51,,2017-2018
21,Oldham Athletic,46,11,17,18,58,75,-17,50,Relegation to EFL League Two,2017-2018
22,Northampton Town,46,12,11,23,43,77,-34,47,Relegation to EFL League Two,2017-2018
23,Milton Keynes Dons,46,11,12,23,43,69,-26,45,Relegation to EFL League Two,2017-2018
24,Bury,46,8,12,26,41,71,-30,36,Relegation to EFL League Two,2017-2018
1,Luton Town,46,27,13,6,90,42,48,94,Promotion to the EFL Championship,2018-2019
2,Barnsley,46,26,13,7,80,39,41,91,Promotion to the EFL Championship,2018-2019
3,Charlton Athletic,46,26,10,10,73,40,33,88,Qualification for League One play-offs,2018-2019
4,Portsmouth,46,25,13,8,83,51,32,88,Qualification for League One play-offs,2018-2019
5,Sunderland,46,22,19,5,80,47,33,85,Qualification for League One play-offs,2018-2019
6,Doncaster Rovers,46,20,13,13,76,58,18,73,Qualification for League One play-offs,2018-2019
7,Peterborough United,46,20,12,14,71,62,9,72,,2018-2019
8,Coventry City,46,18,11,17,54,54,0,65,,2018-2019
9,Burton Albion,46,17,12,17,66,57,9,63,,2018-2019
10,Blackpool,46,15,17,14,50,52,-2,62,,2018-2019
11,Fleetwood Town,46,16,13,17,58,52,6,61,,2018-2019
12,Oxford United,46,15,15,16,58,64,-6,60,,2018-2019
13,Gillingham,46,15,10,21,61,72,-11,55,,2018-2019
14,Accrington Stanley,46,14,13,19,51,67,-16,55,,2018-2019
15,Bristol Rovers,46,13,15,18,47,50,-3,54,,2018-2019
16,Rochdale,46,15,9,22,54,87,-33,54,,2018-2019
17,Wycombe Wanderers,46,14,11,21,55,67,-12,53,,2018-2019
18,Shrewsbury Town,46,12,16,18,51,59,-8,52,,2018-2019
19,Southend United,46,14,8,24,55,68,-13,50,,2018-2019
20,AFC Wimbledon,46,13,11,22,42,63,-21,50,,2018-2019
21,Plymouth Argyle,46,13,11,22,56,80,-24,50,Relegation to EFL League Two,2018-2019
22,Walsall,46,12,11,23,49,71,-22,47,Relegation to EFL League Two,2018-2019
23,Scunthorpe United,46,12,10,24,53,83,-30,46,Relegation to EFL League Two,2018-2019
24,Bradford City,46,11,8,27,49,77,-28,41,Relegation to EFL League Two,2018-2019
1,Coventry City,34,18,13,3,48,30,18,67,Promotion to the EFL Championship,2019-2020
2,Rotherham United,35,18,8,9,61,38,23,62,Promotion to the EFL Championship,2019-2020
3,Wycombe Wanderers,34,17,8,9,45,40,5,59,Qualification for League One play-offs,2019-2020
4,Oxford United,35,17,9,9,61,37,24,60,Qualification for League One play-offs,2019-2020
5,Portsmouth,35,17,9,9,53,36,17,60,Qualification for League One play-offs,2019-2020
6,Fleetwood Town,35,16,12,7,51,38,13,60,Qualification for League One play-offs,2019-2020
7,Peterborough United,35,17,8,10,68,40,28,59,,2019-2020
8,Sunderland,36,16,11,9,48,32,16,59,,2019-2020
9,Doncaster Rovers,34,15,9,10,51,33,18,54,,2019-2020
10,Gillingham,35,12,15,8,42,34,8,51,,2019-2020
11,Ipswich Town,36,14,10,12,46,36,10,52,,2019-2020
12,Burton Albion,35,12,12,11,50,50,0,48,,2019-2020
13,Blackpool,35,11,12,12,44,43,1,45,,2019-2020
14,Bristol Rovers,35,12,9,14,38,49,-11,45,,2019-2020
15,Shrewsbury Town,34,10,11,13,31,42,-11,41,,2019-2020
16,Lincoln City,35,12,6,17,44,46,-2,42,,2019-2020
17,Accrington Stanley,35,10,10,15,47,53,-6,40,,2019-2020
18,Rochdale,34,10,6,18,39,57,-18,36,,2019-2020
19,Milton Keynes Dons,35,10,7,18,36,47,-11,37,,2019-2020
20,AFC Wimbledon,35,8,11,16,39,52,-13,35,,2019-2020
21,Tranmere Rovers,34,8,8,18,36,60,-24,32,Relegation to EFL League Two,2019-2020
22,Southend United,35,4,7,24,39,85,-46,19,Relegation to EFL League Two,2019-2020
23,Bolton Wanderers,34,5,11,18,27,66,-39,14,Relegation to EFL League Two,2019-2020
24,Bury,0,0,0,0,0,0,0,NA,Club expelled,2019-2020
1,Hull City,46,27,8,11,80,38,42,89,Promotion to the EFL Championship,2020-2021
2,Peterborough United,46,26,9,11,83,46,37,87,Promotion to the EFL Championship,2020-2021
3,Blackpool,46,23,11,12,60,37,23,80,Qualification for League One play-offs,2020-2021
4,Sunderland,46,20,17,9,70,42,28,77,Qualification for League One play-offs,2020-2021
5,Lincoln City,46,22,11,13,69,50,19,77,Qualification for League One play-offs,2020-2021
6,Oxford United,46,22,8,16,77,56,21,74,Qualification for League One play-offs,2020-2021
7,Charlton Athletic,46,20,14,12,70,56,14,74,,2020-2021
8,Portsmouth,46,21,9,16,65,51,14,72,,2020-2021
9,Ipswich Town,46,19,12,15,46,46,0,69,,2020-2021
10,Gillingham,46,19,10,17,63,60,3,67,,2020-2021
11,Accrington Stanley,46,18,13,15,63,68,-5,67,,2020-2021
12,Crewe Alexandra,46,18,12,16,56,61,-5,66,,2020-2021
13,Milton Keynes Dons,46,18,11,17,64,62,2,65,,2020-2021
14,Doncaster Rovers,46,19,7,20,63,67,-4,64,,2020-2021
15,Fleetwood Town,46,16,12,18,49,46,3,60,,2020-2021
16,Burton Albion,46,15,12,19,61,73,-12,57,,2020-2021
17,Shrewsbury Town,46,13,15,18,50,57,-7,54,,2020-2021
18,Plymouth Argyle,46,14,11,21,53,80,-27,53,,2020-2021
19,AFC Wimbledon,46,12,15,19,54,70,-16,51,,2020-2021
20,Wigan Athletic,46,13,9,24,54,77,-23,48,,2020-2021
21,Rochdale,46,11,14,21,61,78,-17,47,Relegation to EFL League Two,2020-2021
22,Northampton Town,46,11,12,23,41,67,-26,45,Relegation to EFL League Two,2020-2021
23,Swindon Town,46,13,4,29,55,89,-34,43,Relegation to EFL League Two,2020-2021
24,Bristol Rovers,46,10,8,28,40,70,-30,38,Relegation to EFL League Two,2020-2021
1,Wigan Athletic,46,27,11,8,82,44,38,92,Promotion to EFL Championship,2021-2022
2,Rotherham United,46,27,9,10,70,33,37,90,Promotion to EFL Championship,2021-2022
3,Milton Keynes Dons,46,26,11,9,78,44,34,89,Qualification for League One play-offs,2021-2022
4,Sheffield Wednesday,46,24,13,9,78,50,28,85,Qualification for League One play-offs,2021-2022
5,Sunderland,46,24,12,10,79,53,26,84,Qualification for League One play-offs,2021-2022
6,Wycombe Wanderers,46,23,14,9,75,51,24,83,Qualification for League One play-offs,2021-2022
7,Plymouth Argyle,46,23,11,12,68,48,20,80,,2021-2022
8,Oxford United,46,22,10,14,82,59,23,76,,2021-2022
9,Bolton Wanderers,46,21,10,15,74,57,17,73,,2021-2022
10,Portsmouth,46,20,13,13,68,51,17,73,,2021-2022
11,Ipswich Town,46,18,16,12,67,46,21,70,,2021-2022
12,Accrington Stanley,46,17,10,19,61,80,-19,61,,2021-2022
13,Charlton Athletic,46,17,8,21,55,59,-4,59,,2021-2022
14,Cambridge United,46,15,13,18,56,74,-18,58,,2021-2022
15,Cheltenham Town,46,13,17,16,66,80,-14,56,,2021-2022
16,Burton Albion,46,14,11,21,51,67,-16,53,,2021-2022
17,Lincoln City,46,14,10,22,55,63,-8,52,,2021-2022
18,Shrewsbury Town,46,12,14,20,47,51,-4,50,,2021-2022
19,Morecambe,46,10,12,24,57,88,-31,42,,2021-2022
20,Fleetwood Town,46,8,16,22,62,82,-20,40,,2021-2022
21,Gillingham,46,8,16,22,35,69,-34,40,Relegation to EFL League Two,2021-2022
22,Doncaster Rovers,46,10,8,28,37,82,-45,38,Relegation to EFL League Two,2021-2022
23,AFC Wimbledon,46,6,19,21,49,75,-26,37,Relegation to EFL League Two,2021-2022
24,Crewe Alexandra,46,7,8,31,37,83,-46,29,Relegation to EFL League Two,2021-2022
1,Plymouth Argyle,46,31,8,7,82,47,35,101,Promotion to EFL Championship,2022-2023
2,Ipswich Town,46,28,14,4,101,35,66,98,Promotion to EFL Championship,2022-2023
3,Sheffield Wednesday,46,28,12,6,81,37,44,96,Qualification for League One play-offs,2022-2023
4,Barnsley,46,26,8,12,80,47,33,86,Qualification for League One play-offs,2022-2023
5,Bolton Wanderers,46,23,12,11,62,36,26,81,Qualification for League One play-offs,2022-2023
6,Peterborough United,46,24,5,17,75,54,21,77,Qualification for League One play-offs,2022-2023
7,Derby County,46,21,13,12,67,46,21,76,,2022-2023
8,Portsmouth,46,17,19,10,61,50,11,70,,2022-2023
9,Wycombe Wanderers,46,20,9,17,59,51,8,69,,2022-2023
10,Charlton Athletic,46,16,14,16,70,66,4,62,,2022-2023
11,Lincoln City,46,14,20,12,47,47,0,62,,2022-2023
12,Shrewsbury Town,46,17,8,21,52,61,-9,59,,2022-2023
13,Fleetwood Town,46,14,16,16,53,51,2,58,,2022-2023
14,Exeter City,46,15,11,20,64,68,-4,56,,2022-2023
15,Burton Albion,46,15,11,20,57,79,-22,56,,2022-2023
16,Cheltenham Town,46,14,12,20,45,61,-16,54,,2022-2023
17,Bristol Rovers,46,14,11,21,58,73,-15,53,,2022-2023
18,Port Vale,46,13,10,23,48,71,-23,49,,2022-2023
19,Oxford United,46,11,14,21,49,56,-7,47,,2022-2023
20,Cambridge United,46,13,7,26,41,68,-27,46,,2022-2023
21,Milton Keynes Dons,46,11,12,23,44,66,-22,45,Relegation to EFL League Two,2022-2023
22,Morecambe,46,10,14,22,47,78,-31,44,Relegation to EFL League Two,2022-2023
23,Accrington Stanley,46,11,11,24,40,77,-37,44,Relegation to EFL League Two,2022-2023
24,Forest Green Rovers,46,6,9,31,31,89,-58,27,Relegation to EFL League Two,2022-2023
1,Portsmouth,46,28,13,5,78,41,37,97,Promoted to EFL Championship,2023-2024
2,Derby County,46,28,8,10,78,37,41,92,Promoted to EFL Championship,2023-2024
3,Bolton Wanderers,46,25,12,9,86,51,35,87,Qualified for League One play-offs,2023-2024
4,Peterborough United,46,25,9,12,89,61,28,84,Qualified for League One play-offs,2023-2024
5,Oxford United,46,22,11,13,79,56,23,77,Qualified for League One play-offs,2023-2024
6,Barnsley,46,21,13,12,82,64,18,76,Qualified for League One play-offs,2023-2024
7,Lincoln City,46,20,14,12,65,40,25,74,,2023-2024
8,Blackpool,46,21,10,15,65,48,17,73,,2023-2024
9,Stevenage,46,19,14,13,57,46,11,71,,2023-2024
10,Wycombe Wanderers,46,17,14,15,60,55,5,65,,2023-2024
11,Leyton Orient,46,18,11,17,53,55,-2,65,,2023-2024
12,Wigan Athletic,46,20,10,16,63,56,7,62,,2023-2024
13,Exeter City,46,17,10,19,46,61,-15,61,,2023-2024
14,Northampton Town,46,17,9,20,57,66,-9,60,,2023-2024
15,Bristol Rovers,46,16,9,21,52,68,-16,57,,2023-2024
16,Charlton Athletic,46,11,20,15,64,65,-1,53,,2023-2024
17,Reading,46,16,11,19,68,70,-2,53,,2023-2024
18,Cambridge United,46,12,12,22,39,61,-22,48,,2023-2024
19,Shrewsbury Town,46,13,9,24,35,67,-32,48,,2023-2024
20,Burton Albion,46,12,10,24,39,67,-28,46,,2023-2024
21,Cheltenham Town,46,12,8,26,41,65,-24,44,Relegated to EFL League Two,2023-2024
22,Fleetwood Town,46,10,13,23,49,72,-23,43,Relegated to EFL League Two,2023-2024
23,Port Vale,46,10,11,25,41,74,-33,41,Relegated to EFL League Two,2023-2024
24,Carlisle United,46,7,9,30,41,81,-40,30,Relegated to EFL League Two,2023-2024
1,Birmingham City,46,34,9,3,84,31,53,111,Promotion to EFL Championship,2024-2025
2,Wrexham,46,27,11,8,67,34,33,92,Promotion to EFL Championship,2024-2025
3,Stockport County,46,25,12,9,72,42,30,87,Qualification for League One play-offs,2024-2025
4,Charlton Athletic,46,25,10,11,67,43,24,85,Qualification for League One play-offs,2024-2025
5,Wycombe Wanderers,46,24,12,10,70,45,25,84,Qualification for League One play-offs,2024-2025
6,Leyton Orient,46,24,6,16,72,48,24,78,Qualification for League One play-offs,2024-2025
7,Reading,46,21,12,13,68,57,11,75,,2024-2025
8,Bolton Wanderers,46,20,8,18,67,70,-3,68,,2024-2025
9,Blackpool,46,17,16,13,72,60,12,67,,2024-2025
10,Huddersfield Town,46,19,7,20,58,55,3,64,,2024-2025
11,Lincoln City,46,16,13,17,64,56,8,61,,2024-2025
12,Barnsley,46,17,10,19,69,73,-4,61,,2024-2025
13,Rotherham United,46,16,11,19,54,59,-5,59,,2024-2025
14,Stevenage,46,15,12,19,42,50,-8,57,,2024-2025
15,Wigan Athletic,46,13,17,16,40,42,-2,56,,2024-2025
16,Exeter City,46,15,11,20,49,65,-16,56,,2024-2025
17,Mansfield Town,46,15,9,22,60,73,-13,54,,2024-2025
18,Peterborough United,46,13,12,21,68,81,-13,51,,2024-2025
19,Northampton Town,46,12,15,19,48,66,-18,51,,2024-2025
20,Burton Albion,46,11,14,21,49,66,-17,47,,2024-2025
21,Crawley Town,46,12,10,24,57,83,-26,46,Relegation to EFL League Two,2024-2025
22,Bristol Rovers,46,12,7,27,44,76,-32,43,Relegation to EFL League Two,2024-2025
23,Cambridge United,46,9,11,26,45,73,-28,38,Relegation to EFL League Two,2024-2025
24,Shrewsbury Town,46,8,9,29,41,79,-38,33,Relegation to EFL League Two,2024-2025
